{"cameraMode":{"drawMode":0,"name":"Shaded","section":"Shading Mode"},"sceneLighting":false,"audioPlay":false,"sceneViewState":{"showFog":true,"showMaterialUpdate":true,"showSkybox":true,"showFlares":true,"showImageEffects":true,"showParticleSystems":true},"in2DMode":false,"pivot":{"x":-2.968911647796631,"y":0.008671339601278305,"z":8.324027061462403},"rotation":{"x":0.023638304322957994,"y":0.06444178521633148,"z":0.0015267306007444859,"w":-0.9976403713226318},"size":2.460686445236206,"orthographic":false}