{"cameraMode":{"drawMode":0,"name":"Shaded","section":"Shading Mode"},"sceneLighting":false,"audioPlay":false,"sceneViewState":{"showFog":true,"showMaterialUpdate":true,"showSkybox":true,"showFlares":true,"showImageEffects":true,"showParticleSystems":true},"in2DMode":false,"pivot":{"x":-0.8555564880371094,"y":-6.687748908996582,"z":-2.8073036670684816},"rotation":{"x":0.17750513553619386,"y":-0.1867121011018753,"z":0.03434450924396515,"w":0.9656350016593933},"size":22.898975372314454,"orthographic":false}