{"cameraMode":{"drawMode":0,"name":"Shaded","section":"Shading Mode"},"sceneLighting":false,"audioPlay":false,"sceneViewState":{"showFog":true,"showMaterialUpdate":true,"showSkybox":true,"showFlares":true,"showImageEffects":true,"showParticleSystems":true},"in2DMode":false,"pivot":{"x":3.031205654144287,"y":-0.11185619235038758,"z":7.589724540710449},"rotation":{"x":0.010752619244158268,"y":0.09235928952693939,"z":-0.0009754396742209792,"w":0.9956672787666321},"size":22.898975372314454,"orthographic":false}