{"cameraMode":{"drawMode":0,"name":"Shaded","section":"Shading Mode"},"sceneLighting":false,"audioPlay":false,"sceneViewState":{"showFog":true,"showMaterialUpdate":true,"showSkybox":true,"showFlares":true,"showImageEffects":true,"showParticleSystems":true},"in2DMode":false,"pivot":{"x":-7.214359283447266,"y":-4.931163787841797,"z":10.109001159667969},"rotation":{"x":0.2976647615432739,"y":-0.3668970465660095,"z":0.12518355250358582,"w":0.8724169731140137},"size":22.0,"orthographic":false}