{"cameraMode":{"drawMode":0,"name":"Shaded","section":"Shading Mode"},"sceneLighting":false,"audioPlay":false,"sceneViewState":{"showFog":true,"showMaterialUpdate":true,"showSkybox":true,"showFlares":true,"showImageEffects":true,"showParticleSystems":true},"in2DMode":false,"pivot":{"x":642.30419921875,"y":138.5514678955078,"z":-31.34364891052246},"rotation":{"x":0.07721006125211716,"y":-0.3971948027610779,"z":0.033581871539354327,"w":0.9138639569282532},"size":9.323502540588379,"orthographic":false}