{"cameraMode":{"drawMode":0,"name":"Shaded","section":"Shading Mode"},"sceneLighting":false,"audioPlay":false,"sceneViewState":{"showFog":true,"showMaterialUpdate":true,"showSkybox":true,"showFlares":true,"showImageEffects":true,"showParticleSystems":true},"in2DMode":false,"pivot":{"x":1.864020586013794,"y":-2.065955400466919,"z":-1.5962141752243043},"rotation":{"x":0.19686228036880494,"y":-0.3746989667415619,"z":0.08175019174814224,"w":0.9023097157478333},"size":22.0,"orthographic":false}